Workbook

Sheet Monthly Data
A1: cuisine | B1: month | C1: order_count | D1: total_revenue | E1: avg_revenue
A2: Chinese | B2: 2026-01 | C2: 16 | D2: 24583 | E2: 1536.4375
A3: Chinese | B3: 2026-02 | C3: 16 | D3: 20381 | E3: 1273.8125
A4: Chinese | B4: 2026-03 | C4: 16 | D4: 20273 | E4: 1267.0625
A5: Chinese | B5: 2026-04 | C5: 15 | D5: 18695 | E5: 1246.3333
A6: Chinese | B6: 2026-05 | C6: 10 | D6: 14677 | E6: 1467.7
A7: Chinese | B7: 2026-06 | C7: 18 | D7: 29231 | E7: 1623.9444
A8: Desserts | B8: 2026-01 | C8: 3 | D8: 5706 | E8: 1902
A9: Desserts | B9: 2026-02 | C9: 3 | D9: 3953 | E9: 1317.6667
A10: Desserts | B10: 2026-03 | C10: 2 | D10: 2809 | E10: 1404.5
A11: Desserts | B11: 2026-05 | C11: 4 | D11: 5633 | E11: 1408.25
A12: Desserts | B12: 2026-06 | C12: 1 | D12: 1593 | E12: 1593
A13: Fast Food | B13: 2026-01 | C13: 10 | D13: 10499 | E13: 1049.9
... A35: South Indian | B35: 2026-06 | C35: 10 | D35: 12834 | E35: 1283.4

Sheet Cuisine Targets
A1: cuisine | B1: target_revenue_inr
A2: North Indian | B2: 180000
A3: Chinese | B3: 140000
A4: South Indian | B4: 50000
A5: Fast Food | B5: 60000
A6: Desserts | B6: 25000
A7: Italian | B7: 10000

Sheet Pivot
A1: Insert a real Pivot Table here in Google Sheets / Excel:
A2: Data range: 'Monthly Data'!A:E | Rows: cuisine | Values: SUM of total_revenue, SUM of order_count
A4: Row Labels | B4: Sum of total_revenue | C4: Sum of order_count
A5: Chinese
A6: Desserts
A7: Fast Food
A8: Italian
A9: North Indian
A10: South Indian
A11: Grand Total

Sheet Cuisine Summary
A1: cuisine | B1: total_revenue (from Pivot) | C1: target_revenue_inr (VLOOKUP) | D1: variance | E1: percentage_variance | F1: status_tag | G1: Matches Part A SQL total?
A2: Chinese | B2: =Pivot!B5 | C2: =VLOOKUP($A2,'Cuisine Targets'!$A$2:$B$7,2,FALSE) | D2: =C2-B2 | E2: =((B2-C2)/C2)*100 | F2: =IF(B2>=C2,"Above Target",IF(((C2-B2)/C2)*100<=15,"Below Target - Watch","Below Target - Critical")) | G2: =IF(B2=127840,"Yes","No - CHECK")
A3: Desserts | B3: =Pivot!B6 | C3: =VLOOKUP($A3,'Cuisine Targets'!$A$2:$B$7,2,FALSE) | D3: =C3-B3 | E3: =((B3-C3)/C3)*100 | F3: =IF(B3>=C3,"Above Target",IF(((C3-B3)/C3)*100<=15,"Below Target - Watch","Below Target - Critical")) | G3: =IF(B3=19694,"Yes","No - CHECK")
A4: Fast Food | B4: =Pivot!B7 | C4: =VLOOKUP($A4,'Cuisine Targets'!$A$2:$B$7,2,FALSE) | D4: =C4-B4 | E4: =((B4-C4)/C4)*100 | F4: =IF(B4>=C4,"Above Target",IF(((C4-B4)/C4)*100<=15,"Below Target - Watch","Below Target - Critical")) | G4: =IF(B4=55123,"Yes","No - CHECK")
A5: Italian | B5: =Pivot!B8 | C5: =VLOOKUP($A5,'Cuisine Targets'!$A$2:$B$7,2,FALSE) | D5: =C5-B5 | E5: =((B5-C5)/C5)*100 | F5: =IF(B5>=C5,"Above Target",IF(((C5-B5)/C5)*100<=15,"Below Target - Watch","Below Target - Critical")) | G5: =IF(B5=14735,"Yes","No - CHECK")
A6: North Indian | B6: =Pivot!B9 | C6: =VLOOKUP($A6,'Cuisine Targets'!$A$2:$B$7,2,FALSE) | D6: =C6-B6 | E6: =((B6-C6)/C6)*100 | F6: =IF(B6>=C6,"Above Target",IF(((C6-B6)/C6)*100<=15,"Below Target - Watch","Below Target - Critical")) | G6: =IF(B6=216297,"Yes","No - CHECK")
A7: South Indian | B7: =Pivot!B10 | C7: =VLOOKUP($A7,'Cuisine Targets'!$A$2:$B$7,2,FALSE) | D7: =C7-B7 | E7: =((B7-C7)/C7)*100 | F7: =IF(B7>=C7,"Above Target",IF(((C7-B7)/C7)*100<=15,"Below Target - Watch","Below Target - Critical")) | G7: =IF(B7=63417,"Yes","No - CHECK")
